{"initial_reset_timestamp": 1632233491.0737274, "timestamps": [1632233498.111844, 1632233506.473209, 1632233515.0039155, 1632233525.5741026, 1632233560.8349845, 1632233575.1539996, 1632233609.573482, 1632233620.5465367, 1632233630.943371, 1632233641.6780941, 1632233652.6371024, 1632233662.9318006, 1632233674.078908, 1632233684.3558142, 1632233704.8541791, 1632233716.875921, 1632233730.3155057, 1632233742.5932524, 1632233754.1423645, 1632233765.2469296, 1632233954.8898783, 1632234012.3231885, 1632234129.654403, 1632234153.3054442, 1632234165.8358257, 1632234192.525569, 1632234236.5267117, 1632234313.5112715, 1632234584.0391695, 1632234861.9747758, 1632235137.905035, 1632235418.9930787, 1632235693.0985541, 1632235941.0226696, 1632235965.66316, 1632236136.529073, 1632236161.779039, 1632236188.5427954, 1632236224.4665926, 1632236250.4460542, 1632236313.1931293, 1632236353.141932, 1632236548.8493805, 1632236558.9825776, 1632236586.724251, 1632236862.9438715, 1632237137.0190406, 1632237413.7397907, 1632237689.0300434, 1632237961.7961335, 1632238237.1417208, 1632238314.4566545, 1632238380.336263, 1632238653.9655159, 1632238765.1292417, 1632239039.913051, 1632239310.1776383, 1632239586.2895772, 1632239860.4231353, 1632240136.8321385, 1632240410.9580271, 1632240685.7982287, 1632240957.0931973, 1632241233.5277686, 1632241508.642155, 1632241785.1293333, 1632241835.331784, 1632242111.4809875, 1632242386.6020305, 1632242656.467962, 1632242931.6010091, 1632243016.965479, 1632243290.3258579, 1632243564.8788443, 1632243840.115365, 1632244116.8506474, 1632244392.4734287, 1632244664.0708823, 1632244940.0093527, 1632245217.2010772, 1632245493.3327162, 1632245770.4387903, 1632246042.9360204, 1632246319.525249, 1632246595.8623326, 1632246875.7477207, 1632247151.2905087, 1632247262.6327488, 1632247501.3525095, 1632247570.8784046, 1632247605.1884384, 1632247651.4675708, 1632247660.8643734, 1632247681.5375366, 1632247712.2584271, 1632247739.352687, 1632247753.3439362, 1632247762.5581515, 1632247775.081125, 1632247785.5895302, 1632247802.3525138, 1632247816.0501413, 1632247826.4490438, 1632247845.6579032, 1632247863.8009405, 1632247879.3613856, 1632247890.7883117, 1632247903.487039, 1632247962.1531837, 1632248022.6234586, 1632248299.9189022, 1632248576.2570312, 1632248852.1482995, 1632248877.9688535, 1632249153.6890748, 1632249429.5338588, 1632249699.768484, 1632249976.3116996, 1632250251.807147, 1632250531.0866497, 1632250805.2475266, 1632251078.3545213, 1632251355.235849, 1632251631.9476438, 1632251839.1710243, 1632251908.7455835, 1632252000.689376, 1632252009.4403234, 1632252286.1078951, 1632252565.2821724, 1632252842.9138758, 1632253116.7524061, 1632253388.7580104, 1632253665.9832652, 1632253941.7988646, 1632254219.8504314, 1632254496.7723253, 1632254771.212755, 1632255047.0366564, 1632255326.081804, 1632255603.8161557, 1632255808.7300706, 1632255896.022889, 1632256172.7323759, 1632256226.9085443, 1632256503.034175, 1632256775.4066904, 1632256887.2290642, 1632257158.6068473, 1632257236.5276773, 1632257314.4988408, 1632257515.3920732, 1632257787.141928, 1632258068.3285253, 1632258346.3776402, 1632258625.405474, 1632258903.848215, 1632259179.2961495, 1632259454.6147616, 1632259734.8756914, 1632259771.7428854, 1632260009.6161296, 1632260097.2694864, 1632260376.057106, 1632260477.35138, 1632260499.1916149, 1632260536.773202, 1632260814.429805, 1632260866.4911864, 1632261144.5967205, 1632261400.0801065, 1632261679.4702218, 1632261956.2450242, 1632262232.78489, 1632262504.697592, 1632262782.8033612, 1632263060.0466454, 1632263339.6811895, 1632263615.6354864, 1632263893.2349992, 1632264167.631623, 1632264448.891777, 1632264531.6698253, 1632264812.3790274, 1632265087.5978355, 1632265182.5896823, 1632265200.569401, 1632265222.7652245, 1632265318.6211257, 1632265599.1920176, 1632265674.2391152, 1632265953.62783, 1632266225.0971775, 1632266507.4648008, 1632266627.6250355, 1632266900.8087509, 1632267179.019853, 1632267455.64902, 1632267552.802375, 1632267677.1498232], "episode_lengths": [22, 22, 22, 28, 115, 42, 111, 31, 28, 28, 32, 28, 31, 28, 67, 35, 39, 36, 33, 32, 702, 206, 435, 77, 37, 90, 154, 274, 1000, 1000, 1000, 1000, 1000, 904, 72, 627, 84, 90, 124, 87, 206, 139, 721, 27, 93, 1000, 1000, 1000, 1000, 1000, 1000, 275, 225, 1000, 398, 1000, 1000, 1000, 1000, 1000, 1000, 1000, 1000, 1000, 1000, 1000, 177, 1000, 1000, 1000, 1000, 300, 1000, 1000, 1000, 1000, 1000, 1000, 1000, 1000, 1000, 1000, 1000, 1000, 1000, 1000, 1000, 402, 861, 251, 117, 163, 24, 67, 104, 75, 40, 24, 36, 29, 52, 40, 28, 61, 57, 48, 33, 36, 209, 211, 1000, 1000, 1000, 86, 1000, 1000, 1000, 1000, 1000, 1000, 1000, 1000, 1000, 1000, 739, 246, 335, 22, 1000, 1000, 1000, 1000, 1000, 1000, 1000, 1000, 1000, 1000, 1000, 1000, 1000, 747, 297, 1000, 189, 1000, 1000, 387, 1000, 264, 280, 724, 1000, 1000, 1000, 1000, 1000, 1000, 1000, 1000, 128, 853, 316, 1000, 366, 66, 121, 1000, 177, 1000, 922, 1000, 1000, 1000, 1000, 1000, 1000, 1000, 1000, 1000, 1000, 1000, 297, 1000, 1000, 337, 56, 71, 329, 1000, 270, 1000, 1000, 1000, 420, 1000, 1000, 1000, 345, 424], "episode_rewards": [-195.0, -195.0, -195.0, -193.0, 62.0, -179.0, 38.0, -194.0, -193.0, -193.0, -193.0, -193.0, -194.0, -193.0, -150.0, -194.0, -254.0, -193.0, -192.0, -193.0, 1833.0, 309.0, 1018.0, -156.0, -252.0, -111.0, 129.0, 353.0, 3335.0, 3319.0, 3239.0, 2975.0, 3063.0, 2323.0, -137.0, 1498.0, -53.0, -67.0, 51.0, -74.0, 285.0, 110.0, 1856.0, -238.0, -16.0, 3311.0, 3243.0, 3147.0, 3051.0, 3071.0, 3107.0, 498.0, 368.0, 3095.0, 861.0, 3231.0, 3259.0, 3323.0, 3371.0, 3311.0, 3275.0, 3299.0, 3307.0, 3323.0, 3363.0, 3335.0, 248.0, 3319.0, 3255.0, 3235.0, 3263.0, 611.0, 3307.0, 3159.0, 3227.0, 3203.0, 3311.0, 3347.0, 3355.0, 3351.0, 3351.0, 3327.0, 3319.0, 3291.0, 3299.0, 3243.0, 3247.0, 897.0, 2188.0, 322.0, 44.0, 206.0, -253.0, -154.0, -5.0, -178.0, -201.0, -193.0, -177.0, -192.0, -225.0, -193.0, -193.0, -156.0, -160.0, -193.0, -196.0, -185.0, 192.0, 194.0, 3039.0, 3067.0, 3187.0, -115.0, 3179.0, 3167.0, 3183.0, 3187.0, 3195.0, 3279.0, 3255.0, 3251.0, 3283.0, 3127.0, 1946.0, 441.0, 742.0, -255.0, 3143.0, 3187.0, 3239.0, 3339.0, 3207.0, 3243.0, 3287.0, 3051.0, 3331.0, 3175.0, 3327.0, 3343.0, 3335.0, 2018.0, 616.0, 3267.0, 292.0, 3299.0, 3219.0, 894.0, 3331.0, 523.0, 523.0, 1859.0, 3175.0, 3239.0, 3211.0, 3287.0, 3331.0, 3339.0, 3335.0, 3335.0, 91.0, 2308.0, 619.0, 3295.0, 849.0, -127.0, 52.0, 3355.0, 208.0, 3227.0, 2481.0, 3215.0, 3231.0, 3207.0, 3343.0, 3199.0, 3279.0, 3323.0, 3375.0, 3403.0, 3411.0, 3395.0, 632.0, 3403.0, 3459.0, 672.0, -113.0, -70.0, 632.0, 3351.0, 469.0, 3175.0, 3255.0, 3043.0, 983.0, 3427.0, 3351.0, 3355.0, 748.0, 863.0],