{"initial_reset_timestamp": 1631011792.393401, "timestamps": [1631011806.594099, 1631011823.0877378, 1631011839.8496447, 1631011855.163416, 1631011879.4793558, 1631011907.4965158, 1631011921.2315793, 1631011933.3238387, 1631011944.757637, 1631011964.0690503, 1631011976.7095375, 1631011993.6479335, 1631012023.287078, 1631012040.010684, 1631012054.7112925, 1631012070.7274125, 1631012085.812338, 1631012108.970557, 1631012128.695078, 1631012147.0406883, 1631012163.323546, 1631012177.4943867, 1631012194.7283084, 1631012209.5783625, 1631012225.8578038, 1631012258.934881, 1631012275.2320824, 1631012289.629318, 1631012304.2691705, 1631012318.4138293, 1631012331.4295583, 1631012347.456019, 1631012364.1992836, 1631012375.853978, 1631012393.2874186, 1631012409.1152906, 1631012425.5991175, 1631012437.5105941, 1631012452.629163, 1631012468.1954393, 1631012494.8316076, 1631012508.7848284, 1631012523.2078838, 1631012536.936875, 1631012552.9839742, 1631012571.4801602, 1631012587.04765, 1631012604.2537062, 1631012620.2554526, 1631012636.4797225, 1631012652.9538202, 1631012671.2708974, 1631012686.8115797, 1631012702.6234415, 1631012720.729658, 1631012739.0739846, 1631012754.6215312, 1631012769.5054448, 1631012797.7232952, 1631012817.4518478, 1631012831.8367243, 1631012857.9716158, 1631012873.5781965, 1631012889.6308193, 1631012917.856745, 1631012945.3494873, 1631012962.8004467, 1631012978.1647027, 1631012993.7502236, 1631013009.574147, 1631013025.1735864, 1631013040.7398572, 1631013060.2346044, 1631013077.1977024, 1631013092.2892644, 1631013106.4971097, 1631013126.1618125, 1631013143.3329794, 1631013157.0835526, 1631013172.8776395, 1631013184.977947, 1631013210.2420657, 1631013238.0475998, 1631013255.8670084, 1631013271.433228, 1631013285.8670988, 1631013304.6032786, 1631013322.950109, 1631013338.768978, 1631013357.1114817, 1631013377.3273835, 1631013392.6145873, 1631013406.8005464, 1631013420.9968925, 1631013452.17555, 1631013478.0587292, 1631013492.4625995, 1631013507.1089034, 1631013523.1295123, 1631013538.2440038, 1631013569.7026641, 1631013586.6166272, 1631013599.436172, 1631013615.473327, 1631013635.1785345, 1631013649.5603437, 1631013679.184125, 1631013696.3975015, 1631013715.4387877, 1631013732.6183176, 1631013751.006772, 1631013770.4609842, 1631013785.0704088, 1631013802.6651933, 1631013818.9040809, 1631013838.6126144, 1631013851.3613074, 1631013865.0361607, 1631013877.599637, 1631013894.3460717, 1631013916.568714, 1631013931.2145605, 1631013949.3196366, 1631013965.0924625, 1631013981.768539, 1631013998.291178, 1631014011.0981436, 1631014026.6617906, 1631014042.9310844, 1631014058.2773046, 1631014072.2168937, 1631014087.0903604, 1631014101.7509592, 1631014122.5616555, 1631014133.9973767, 1631014162.9154103, 1631014178.5038793, 1631014197.970599, 1631014213.5925775, 1631014228.4861615, 1631014257.8994553, 1631014269.0718877, 1631014281.1806564, 1631014309.8949, 1631014326.2092497, 1631014342.6905625, 1631014358.5170047, 1631014373.8558364, 1631014387.7895613, 1631014418.763961, 1631014433.871212, 1631014457.506044, 1631014475.3176553, 1631014494.5897093, 1631014509.2540622, 1631014530.089073, 1631014544.9858434, 1631014574.1413486, 1631014602.610284, 1631014619.1506739, 1631014646.2170048, 1631014657.4181669, 1631014672.045108, 1631014688.5055861, 1631014700.455612, 1631014714.6318865, 1631014732.737055, 1631014760.0265079, 1631014774.2396357, 1631014790.7071815, 1631014810.2319827, 1631014824.6735122, 1631014840.4926467, 1631014860.6254725, 1631014873.1557915, 1631014891.9414458, 1631014921.1138892, 1631014937.4534774, 1631014968.388219, 1631014983.770929, 1631014998.8893883, 1631015011.7684536, 1631015027.1114986, 1631015039.9146562, 1631015056.454546, 1631015075.696709, 1631015089.463488, 1631015107.0987408, 1631015133.9568121, 1631015150.91214, 1631015164.644934, 1631015182.3856637, 1631015196.3974886, 1631015212.2107947, 1631015228.2583513, 1631015242.9219728, 1631015261.0600433, 1631015274.8564188, 1631015290.2358434, 1631015302.6403346, 1631015318.2210479, 1631015334.525087, 1631015354.0099428, 1631015367.0300903, 1631015392.1515925, 1631015406.8696246, 1631015417.8706682, 1631015434.655265, 1631015450.539705, 1631015466.2037187, 1631015495.631515, 1631015513.880209, 1631015533.4387603, 1631015548.3268042, 1631015564.1667054, 1631015578.773986, 1631015600.378109, 1631015619.6851666, 1631015637.0387797, 1631015651.2766824, 1631015666.6114275, 1631015696.4401877, 1631015715.2112613, 1631015731.8969529, 1631015746.2774866, 1631015762.587764, 1631015777.2347672, 1631015790.5041878, 1631015804.2266235, 1631015818.6826258, 1631015835.6864674, 1631015864.9124877, 1631015880.7558663, 1631015893.1208172, 1631015909.6732938, 1631015921.7971632, 1631015937.8148057, 1631015956.1886306, 1631015974.9906933, 1631015994.2547188, 1631016008.4663339, 1631016027.507178, 1631016046.5664716, 1631016064.8789005, 1631016084.385711, 1631016098.8129563, 1631016112.7320812, 1631016126.9309428, 1631016141.7835689, 1631016156.2800028, 1631016174.9270604, 1631016187.7783442, 1631016205.424236, 1631016221.495401, 1631016236.6592577, 1631016252.2794194, 1631016267.147918, 1631016281.7713037, 1631016296.9267497, 1631016319.918368, 1631016337.1361694, 1631016349.281643, 1631016366.489516, 1631016383.9120893, 1631016399.2424824, 1631016415.7748454, 1631016430.173394, 1631016445.023059, 1631016457.1166232, 1631016470.18731, 1631016484.3871715, 1631016513.5226007, 1631016539.4356747, 1631016554.1188664, 1631016567.3858528, 1631016584.3977423, 1631016600.2268374, 1631016612.3658378, 1631016626.8411307, 1631016641.7879708, 1631016658.9090462, 1631016662.2819178, 1631016681.5902333, 1631016697.847522, 1631016726.767561, 1631016741.6754649, 1631016760.4557502, 1631016785.1916165, 1631016799.5431104, 1631016811.434621, 1631016829.9834056, 1631016848.3016798, 1631016866.8218908, 1631016879.394142, 1631016894.9434032, 1631016910.7253034, 1631016926.017164, 1631016941.3197017, 1631016956.386735, 1631016985.2802472, 1631017002.0093358, 1631017015.7226532, 1631017029.6658416, 1631017046.4047024, 1631017063.534632, 1631017080.6885211, 1631017096.9395564, 1631017114.2918103, 1631017128.4378982, 1631017149.0372944, 1631017164.1310992, 1631017177.8268046, 1631017208.5320332, 1631017220.2145703, 1631017238.5017457, 1631017255.4167004, 1631017268.6431525, 1631017293.3756506, 1631017311.0186815, 1631017326.3240633, 1631017340.9212265, 1631017356.4431896, 1631017374.7783985, 1631017386.8612287, 1631017407.7471223, 1631017423.368609, 1631017440.5647516, 1631017455.029578, 1631017468.7833683, 1631017485.7365358, 1631017501.373982, 1631017516.9889798, 1631017529.358059, 1631017547.926107, 1631017560.9917655, 1631017581.8776126, 1631017594.6755102, 1631017611.6376016, 1631017629.5067027, 1631017646.4691923, 1631017664.3964436, 1631017679.9444478, 1631017693.0181613, 1631017706.0597935, 1631017721.4428933, 1631017736.132977, 1631017748.6921818, 1631017763.8606212, 1631017779.6977487, 1631017795.03896, 1631017806.9443665, 1631017824.8487918, 1631017841.5822568, 1631017856.908709, 1631017871.5504913, 1631017887.1634855, 1631017900.4691076, 1631017916.5093277, 1631017933.9477513, 1631017947.2656317, 1631017963.7510355, 1631017978.434995, 1631017994.5165117, 1631018009.680331, 1631018026.155192, 1631018043.3501384, 1631018058.0051658, 1631018073.0624242, 1631018084.9811344, 1631018099.9251854, 1631018115.0420554, 1631018137.5201943, 1631018169.923112, 1631018180.8755834, 1631018196.2662055, 1631018213.399336, 1631018229.9340725, 1631018245.9586883, 1631018260.6640267, 1631018272.788483, 1631018290.926502, 1631018306.9988744, 1631018323.2542107, 1631018335.3859947, 1631018351.8862836, 1631018366.5836287, 1631018379.1862264, 1631018395.6901588, 1631018408.294784, 1631018421.7839954, 1631018438.213839, 1631018451.2779431, 1631018465.7483637, 1631018483.4046333, 1631018496.6868129, 1631018510.1569374, 1631018524.6691725, 1631018542.8308, 1631018559.138067, 1631018577.7439854, 1631018588.9972787, 1631018606.6606534, 