{"initial_reset_timestamp": 215.088057821, "timestamps": [224.46158119, 233.963375491, 245.223076675, 253.661064402, 265.420974851, 273.810031771, 284.785979558, 294.866851121, 309.432534344, 318.278291376], "episode_lengths": [35, 35, 43, 30, 44, 30, 41, 37, 58, 32], "episode_rewards": [-122.0, -122.0, -122.0, -127.0, -113.0, -123.0, -112.0, -128.0, -67.0, -125.0], "episode_types": ["t", "t", "t", "t", "t", "t", "t", "t", "t", "t"]}