{"initial_reset_timestamp": 1630990483.7510545, "timestamps": [1630990511.7659461, 1630990525.5363388, 1630990557.035197, 1630990577.993824, 1630990599.5785747, 1630990626.6816757, 1630990654.9269452, 1630990674.1470468, 1630990700.1098762, 1630990721.477943, 1630990741.1330292, 1630990759.9613926, 1630990779.5291162, 1630990816.4718778, 1630990834.3693674, 1630990855.007367, 1630990885.7945082, 1630990913.0838606, 1630990941.7720783, 1630990959.3031952, 1630990974.133988, 1630990994.061638, 1630991014.4913251, 1630991028.46906, 1630991046.7279115, 1630991081.6114857, 1630991114.0338142, 1630991144.8481624, 1630991158.3362577, 1630991187.1080136, 1630991200.8221934, 1630991222.9141057, 1630991239.3751504, 1630991269.1489537, 1630991286.3876593, 1630991317.4530542, 1630991334.6623068, 1630991355.1231146, 1630991371.6534069, 1630991409.1032832, 1630991437.8011887, 1630991455.3065124, 1630991484.0834622, 1630991503.6104488, 1630991521.4155307, 1630991555.2747238, 1630991575.5191936, 1630991588.5813508, 1630991617.1892633, 1630991635.586821, 1630991652.8844225, 1630991672.6802292, 1630991703.476449, 1630991732.9146414, 1630991752.34553, 1630991767.9583094, 1630991783.590747, 1630991800.407331, 1630991842.0862794, 1630991863.0450761, 1630991893.3147671, 1630991928.8860087, 1630991960.8837094, 1630991989.6110487, 1630992015.3017688, 1630992038.4355085, 1630992061.3927474, 1630992089.5081503, 1630992105.6173878, 1630992125.051667, 1630992143.902078, 1630992161.1136372, 1630992174.2309122, 1630992188.622778, 1630992211.179941, 1630992231.2201743, 1630992257.3686438, 1630992290.2057889, 1630992305.0179682, 1630992339.1350694, 1630992375.1774514, 1630992391.0241785, 1630992408.8351498, 1630992441.4851847, 1630992460.11526, 1630992494.2392244, 1630992531.2328687, 1630992554.8810296, 1630992573.3548326, 1630992609.1910923, 1630992638.3973765, 1630992653.8272903, 1630992682.1413836, 1630992716.5151067, 1630992735.3514361, 1630992757.4422624, 1630992775.2567925, 1630992808.6513708, 1630992843.763414, 1630992857.0169055, 1630992890.4585848, 1630992921.3959382, 1630992938.0956135, 1630992955.8083243, 1630992971.8929727, 1630992988.8335054, 1630993008.6030507, 1630993029.7382538, 1630993061.8887193, 1630993076.6879427, 1630993093.8473196, 1630993110.0293794, 1630993128.9542646, 1630993161.197811, 1630993182.2916586, 1630993195.4722548, 1630993214.7395852, 1630993232.033229, 1630993264.2104874, 1630993280.4715228, 1630993309.9217043, 1630993327.4477038, 1630993358.30613, 1630993390.011669, 1630993417.876815, 1630993446.9755569, 1630993466.0154412, 1630993483.2858086, 1630993500.9123032, 1630993516.873805, 1630993534.0223103, 1630993565.9985664, 1630993602.050733, 1630993619.9530492, 1630993657.8117146, 1630993676.5415096, 1630993695.6780465, 1630993726.8622305, 1630993746.905993, 1630993761.975373, 1630993790.0638862, 1630993806.9253585, 1630993828.5909348, 1630993847.7257864, 1630993865.351019, 1630993890.2516634, 1630993925.775052, 1630993959.9507048, 1630993978.8524494, 1630993996.3224375, 1630994012.7704747, 1630994028.918136, 1630994049.7943137, 1630994066.4707863, 1630994083.686666, 1630994100.8046377, 1630994116.1110778, 1630994145.3294652, 1630994168.1370947, 1630994190.644289, 1630994203.4190161, 1630994224.2647657, 1630994244.1421525, 1630994260.6676128, 1630994286.1620903, 1630994301.2437673, 1630994334.8144872, 1630994350.359094, 1630994379.7791226, 1630994410.2573817, 1630994432.192266, 1630994462.073783, 1630994478.3202963, 1630994497.1929674, 1630994527.4161804, 1630994559.0793278, 1630994586.4661412, 1630994607.0419824, 1630994640.2054985, 1630994670.6390886, 1630994707.277299, 1630994724.941325, 1630994744.427782, 1630994773.9489937, 1630994818.867196, 1630994847.6585593, 1630994864.0808003, 1630994896.2609968, 1630994929.6424582, 1630994956.798174, 1630994984.2931063, 1630995001.7052975, 1630995017.8973637, 1630995038.131134, 1630995055.828875, 1630995074.2682416, 1630995088.1896708, 1630995104.908464, 1630995120.8325944, 1630995136.025131, 1630995154.772268, 1630995174.3823366, 1630995192.0636294, 1630995224.1534643, 1630995242.717422, 1630995259.1640365, 1630995289.100475, 1630995322.336344, 1630995343.3138816, 1630995359.707851, 1630995390.9444108, 1630995415.472035, 1630995435.700875, 1630995454.628381, 1630995488.8992882, 1630995507.3368433, 1630995538.4848797, 1630995570.2001927, 1630995599.7633562, 1630995610.545829, 1630995623.37979, 1630995659.004556, 1630995687.4705646, 1630995714.0145307, 1630995751.9798334, 1630995770.0090828, 1630995786.0432174, 1630995818.4166965, 1630995838.3247545, 1630995859.3701077, 1630995878.3333883, 1630995895.798847, 1630995926.4742053, 1630995947.3271964, 1630995973.736041, 1630996006.0667388, 1630996029.0778298, 1630996034.376087, 1630996049.0974896, 1630996083.8351817, 1630996099.0310805, 1630996119.3859668, 1630996135.116743, 1630996150.3747866, 1630996166.6905072, 1630996188.1857681, 1630996217.5819225, 1630996237.3613682, 1630996252.8609924, 1630996271.10201, 1630996288.8977032, 1630996301.9596305, 1630996320.2107832, 1630996339.366834, 1630996369.2103534, 1630996385.184661, 1630996402.7236066, 1630996420.145919, 1630996436.4873223, 1630996454.0697994, 1630996467.6683629, 1630996483.2621276, 1630996512.6927695, 1630996528.5008066, 1630996557.768438, 1630996574.4232514, 1630996602.036197, 1630996618.0647762, 1630996653.8386226, 1630996672.4443998, 1630996700.4092622, 1630996720.1700373, 1630996738.7856057, 1630996758.810602, 1630996787.3128505, 1630996817.349284, 1630996831.9579885, 1630996848.8325458, 1630996866.1808684, 1630996883.750705, 1630996901.282779, 1630996920.1156309, 1630996946.8650522, 1630996964.5477395, 1630996979.2539802, 1630997005.8368435, 1630997022.7008386, 1630997039.4755566, 1630997072.5912263, 1630997090.0666375, 1630997107.5995996, 1630997138.8457992, 1630997169.455773, 1630997182.0192919, 1630997196.9676857, 1630997215.8735094, 1630997247.5470967, 1630997264.5237596, 1630997288.4810925, 1630997304.6539934, 1630997319.7571347, 1630997336.676682, 1630997350.7810953, 1630997367.6972814, 1630997385.778542, 1630997397.1324787, 1630997412.471012, 1630997445.5552502, 1630997461.270071, 1630997478.273404, 1630997495.6084528, 1630997515.5614672, 1630997547.9334044, 1630997564.608479, 1630997595.1807754, 1630997610.984561, 1630997627.6595595, 1630997647.292101, 1630997664.9882438, 1630997679.8182614, 1630997702.685114, 1630997733.502251, 1630997768.2790904, 1630997805.0112622, 1630997824.2366931, 1630997842.0971663, 1630997873.4559155, 1630997904.9624097, 1630997918.801365, 1630997936.8747303, 1630997947.7092843, 1630997978.0485218, 1630998012.0762534, 1630998031.5128284, 1630998049.1582248, 1630998066.4757214, 1630998083.1049228, 1630998110.8611524, 1630998124.206602, 1630998141.3579144, 1630998159.7104695, 1630998192.0467412, 1630998220.308442, 1630998237.5234544, 1630998252.8955903, 1630998268.0171323, 1630998299.216642, 1630998318.2743068, 1630998345.6648793, 1630998363.9878366, 1630998383.4497943, 1630998401.1397736, 1630998433.6521583, 1630998453.807717, 1630998472.5294278, 1630998490.334038, 1630998509.6883285, 1630998541.8850636, 1630998557.7131705, 1630998573.7527618, 1630998589.08617, 1630998620.0441039, 1630998646.7617426, 1630998665.6129155, 1630998693.2060907, 1630998719.0161657, 1630998737.6541145, 1630998771.306676, 1630998813.196418, 1630998828.871692, 1630998866.7782862, 1630998884.638981, 1630998903.4817715, 1630998920.6376588, 1630998927.7121398, 1630998958.8126936, 1630998977.4740188, 1630999010.2507343, 1630999041.7358174, 1630999055.6007543, 1630999078.1866589, 1630999094.6477122, 1630999111.4221451, 1630999126.4139004, 1630999144.4424815, 1630999172.0169785, 1630999188.2230413, 1630999202.739675, 1630999233.625525, 1630999251.235838, 1630999267.8673193, 1630999292.055719, 1630999330.1192856, 1630999362.5318532, 1630999386.4475942, 1630999405.7880778, 1630999427.1577873, 1630999441.8546858, 1630999459.910908, 1630999477.1610906, 1630999493.8953469, 1630999518.296618, 