{"initial_reset_timestamp": 1630936539.9765046, "timestamps": [1630936558.8552067, 1630936575.0215266, 1630936589.5787132, 1630936605.7469754, 1630936623.7976387, 1630936637.4864595, 1630936652.0522587, 1630936663.8244867, 1630936680.9783025, 1630936693.4447825, 1630936706.3574007, 1630936719.741611, 1630936734.0897684, 1630936748.865446, 1630936761.584762, 1630936775.428231, 1630936789.7219083, 1630936801.2224293, 1630936816.9417238, 1630936831.970237, 1630936845.815124, 1630936861.9568145, 1630936877.191831, 1630936893.8809252, 1630936907.5100255, 1630936924.6050708, 1630936943.1012437, 1630936960.2065644, 1630936975.445271, 1630936986.3307204, 1630937002.0274734, 1630937020.7192132, 1630937036.6272566, 1630937050.2096572, 1630937062.6796885, 1630937075.8430254, 1630937089.4647455, 1630937104.2837722, 1630937116.7260864, 1630937131.2696204, 1630937144.4035296, 1630937158.702, 1630937169.5326443, 1630937182.9048743, 1630937196.2017596, 1630937210.6710758, 1630937222.37557, 1630937234.831292, 1630937244.4620824, 1630937260.975271, 1630937276.1542776, 1630937289.2173386, 1630937302.0763562, 1630937321.6528075, 1630937335.1822448, 1630937351.0270014, 1630937366.4469855, 1630937380.048321, 1630937395.7235608, 1630937409.3198998, 1630937420.7843752, 1630937437.653898, 1630937450.9717236, 1630937464.7705457, 1630937480.6481862, 1630937492.3916092, 1630937509.4657192, 1630937523.2370505, 1630937537.7420712, 1630937550.1455317, 1630937566.0581417, 1630937580.9736288, 1630937594.0782285, 1630937607.4068894, 1630937620.6580474, 1630937636.7975435, 1630937652.663134, 1630937666.9124153, 1630937681.873491, 1630937696.327912, 1630937708.9903166, 1630937722.9714937, 1630937737.2437994, 1630937753.1320436, 1630937769.4684532, 1630937786.4740674, 1630937800.9182148, 1630937820.7347088, 1630937832.920193, 1630937845.3018909, 1630937854.9244857, 1630937866.1444106, 1630937882.7171013, 1630937896.4976196, 1630937913.983709, 1630937927.7866378, 1630937944.1295993, 1630937961.1759734, 1630937974.4895556, 1630937987.370566, 1630938002.8032687, 1630938022.360269, 1630938038.2758608, 1630938051.314256, 1630938068.6176157, 1630938097.469586, 1630938125.102244, 1630938143.294606, 1630938156.1327949, 1630938167.6184654, 1630938182.314938, 1630938195.4040527, 1630938206.3763103, 1630938222.2220738, 1630938236.700949, 1630938253.2446802, 1630938267.7155888, 1630938281.9218128, 1630938291.7946024, 1630938303.4770103, 1630938320.492185, 1630938333.5625336, 1630938348.5529444, 1630938362.152233, 1630938378.027064, 1630938388.812454, 1630938401.1723228, 1630938416.601318, 1630938431.9461687, 1630938443.422284, 1630938457.4893699, 1630938469.6403897, 1630938497.2246826, 1630938511.2677538, 1630938526.2701962, 1630938539.3508902, 1630938554.0249367, 1630938565.8172822, 1630938579.3823736, 1630938592.9837892, 1630938605.6329246, 1630938624.0682023, 1630938638.5878222, 1630938655.9066987, 1630938673.4013424, 1630938691.805377, 1630938703.4864624, 1630938721.9325376, 1630938734.5850723, 1630938747.9122794, 1630938760.9912724, 1630938772.9204094, 1630938786.4640048, 1630938801.4501824, 1630938813.5987105, 1630938832.0584795, 1630938847.449802, 1630938860.9800334, 1630938875.276986, 1630938886.021943, 1630938916.7848175, 1630938931.3241432, 1630938945.3555944, 1630938962.3809896, 1630938975.5019002, 1630938993.010756, 1630939022.9386976, 1630939027.4961495, 1630939041.7911463, 1630939058.1311753, 1630939074.9265442, 1630939091.0294468, 1630939102.0843031, 1630939117.2615075, 1630939133.5566297, 1630939150.8133342, 1630939163.1934433, 1630939177.2096937, 1630939190.9691026, 1630939205.6275253, 1630939217.7975028, 1630939248.890989, 1630939264.5344949, 1630939285.2727835, 1630939301.34737, 1630939315.650416, 1630939330.3941798, 1630939346.2816305, 1630939360.6001976, 1630939376.4802253, 1630939396.2831059, 1630939413.076159, 1630939425.6785593, 1630939440.9237428, 1630939453.8129902, 1630939470.3786757, 1630939483.6777048, 1630939495.6162436, 1630939515.461774, 1630939529.0009632, 1630939544.6379154, 1630939560.5256565, 1630939574.1462255, 1630939586.9908895, 1630939598.2347035, 1630939609.6926413, 1630939626.2524745, 1630939643.0777235, 1630939660.606879, 1630939673.0105433, 1630939687.0550406, 1630939698.4963703, 1630939711.3392618, 1630939725.1142068, 1630939740.5521152, 1630939756.2035377, 1630939771.6330328, 1630939790.973884, 1630939804.0338676, 1630939816.4064596, 1630939829.7646923, 1630939842.8257616, 1630939855.6804266, 1630939868.113482, 1630939884.9072824, 1630939899.6132872, 1630939914.1263793, 1630939926.7888694, 1630939940.6072156, 1630939954.6044834, 1630939969.1400297, 1630939985.5088286, 1630939998.3463619, 1630940013.3051715, 1630940031.2233286, 1630940050.3447733, 1630940065.2987838, 1630940076.5338988, 1630940090.1175246, 1630940101.11279, 1630940114.0110207, 1630940127.1133578, 1630940140.686931, 1630940156.7775388, 1630940171.7325807, 1630940188.079132, 1630940203.2967334, 1630940218.0022047, 1630940239.2257197, 1630940251.8324683, 1630940264.0007362, 1630940274.5795333, 1630940292.0772295, 1630940307.0350664, 1630940322.9321077, 1630940337.8671978, 1630940355.4994888, 1630940371.8383589, 1630940387.2631207, 1630940403.8676684, 1630940414.6702526, 1630940426.392804, 1630940442.4890285, 1630940454.161793, 1630940467.077878, 1630940478.3326209, 1630940489.0800524, 1630940503.1509955, 1630940514.8690531, 1630940527.7348554, 1630940539.4393098, 1630940556.0407112, 1630940570.7440412, 1630940584.592424, 1630940600.2258172, 1630940616.5679555, 1630940630.3497531, 1630940642.0837598, 1630940655.6199484, 1630940672.6648862, 1630940685.7641182, 1630940699.5892317, 1630940714.779886, 1630940730.8803084, 1630940743.0656338, 1630940755.027006, 1630940771.3358476, 1630940782.550707, 1630940795.8711607, 1630940814.5454187, 1630940830.9327004, 1630940844.2864604, 1630940871.703193, 1630940887.1371164, 1630940904.1490102, 1630940918.8894718, 1630940933.3472996, 1630940947.3736515, 1630940960.205648, 1630940973.3007572, 1630940986.8372717, 1630940999.2306492, 1630941012.111658, 1630941026.5549192, 1630941039.21912, 1630941056.0691721, 1630941069.8166625, 1630941080.3524585, 1630941093.72979, 1630941111.4984393, 1630941122.2522485, 1630941138.086917, 1630941151.4988034, 1630941167.5545492, 1630941179.709525, 1630941197.4832647, 1630941218.038954, 1630941231.3965075, 1630941249.1553876, 1630941262.212707, 1630941276.0112562, 1630941303.8840911, 1630941320.7326553, 1630941334.0504901, 1630941348.1172683, 1630941361.4803212, 1630941374.1314695, 1630941388.1010025, 1630941400.2916348, 1630941413.4201288, 1630941426.7218332, 1630941439.3480206, 1630941458.5217388, 1630941486.1928074, 1630941502.1002488, 1630941512.604981, 1630941525.7063742, 1630941540.910224, 1630941569.5163853, 1630941581.6955307, 1630941593.1972787, 1630941606.5466456, 1630941619.421479, 1630941631.5962048, 1630941644.4466515, 1630941659.591057, 1630941675.404432, 1630941690.3437426, 1630941703.4320366, 1630941719.3330753, 1630941729.9285371, 1630941741.3954182, 1630941755.3770795, 1630941770.3509696, 1630941785.5637112, 1630941799.8518121, 1630941813.8642566, 1630941824.8720312, 1630941840.3078158, 1630941853.8562763, 1630941870.2122004, 1630941881.6731558, 1630941900.0959575, 1630941911.7944434, 1630941928.6459513, 1630941945.4696152, 1630941959.6677468, 1630941970.423333, 1630941983.2832477, 1630941998.9500442, 1630942013.008305, 1630942030.5146832, 1630942044.271467, 1630942056.6644564, 1630942073.0214014, 1630942086.8274705, 1630942101.535931, 1630942114.6254518, 1630942129.3863683, 1630942133.9526527, 1630942147.9676757, 1630942161.554107, 1630942174.2587872, 1630942187.9951212, 1630942200.8359134, 1630942212.308454, 1630942224.7262669, 1630942238.5951862, 1630942253.1097152, 1630942270.3711107, 1630942285.357279, 1630942298.42602, 1630942311.2788997, 1630942322.9824648, 1630942338.1516356, 1630942352.3144717, 1630942366.5862885, 1630942382.9490447, 1630942395.3422728, 1630942409.6078606, 1630942423.4096227, 