{"initial_reset_timestamp": 68.231275636, "timestamps": [77.110266912, 86.939591127, 94.688741271, 104.130799268, 114.075503632, 123.700945377, 133.364795162, 143.208670889, 153.105404379, 162.924590124, 172.602464387, 182.098409146, 191.753790837, 201.592225942, 211.246667279, 221.086016974, 231.005405355, 256.897979955, 266.591622508, 277.757821259, 288.069966341, 298.253673754, 309.180184541, 320.068016954, 331.002549794, 341.688586316, 353.244999453, 367.106344631, 380.372248719, 391.646857485], "episode_lengths": [33, 34, 24, 32, 34, 33, 33, 34, 34, 34, 33, 32, 33, 34, 33, 34, 34, 110, 33, 40, 36, 35, 39, 39, 39, 38, 42, 53, 50, 41], "episode_rewards": [-268.0, -267.0, -265.0, -269.0, -267.0, -268.0, -268.0, -267.0, -267.0, -267.0, -268.0, -265.0, -268.0, -267.0, -268.0, -267.0, -267.0, -191.0, -264.0, -237.0, -189.0, -222.0, -186.0, -186.0, -186.0, -195.0, -187.0, -180.0, -183.0, -184.0], "episode_types": ["t", "t", "t", "t", "t", "t", "t", "t", "t", "t", "t", "t", "t", "t", "t", "t", "t", "t", "t", "t", "t", "t", "t", "t", "t", "t", "t", "t", "t", "t", "t", "t", "t", "t", "t", "t", "t", "t", "t", "t", "t", "t", "t", "t", "t", "t", "t", "t", "t", "t", "t", "t", "t", "t", "t", "t", "t", "t", "t", "t"]}