{"initial_reset_timestamp": 2050.667555151, "timestamps": [2068.394391551, 2085.693165256, 2100.089382594, 2118.888501395, 2127.113273865, 2139.943026886, 2148.557697562, 2171.472396778, 2194.31616454, 2206.105914913, 2214.001983916, 2239.033362964, 2246.355458962, 2260.520805656, 2268.096143379, 2298.417491702, 2311.014735595, 2318.819471383, 2327.467499801, 2331.880501632, 2340.094377478, 2361.554521182, 2382.015661367, 2390.394070161, 2401.981189177, 2449.166130913, 2469.263016495, 2490.66391928, 2561.685036435, 2569.035083136, 2677.576186324, 2785.652079689, 2824.832539366, 2841.444296968, 2950.08264387, 2957.235691838, 2965.067626446, 3073.20293872, 3181.761181147, 3282.513211992, 3390.977064823, 3499.098036017, 3607.557259189, 3715.611585312, 3824.047378186, 3932.197999147, 4040.753318811, 4148.868429372, 4257.416332216, 4365.585655528, 4474.077507252, 4582.103426116, 4690.53859575, 4798.512047049, 4906.885102235, 5014.886243744, 5123.271493856, 5231.255114163, 5339.68676468, 5447.707379302, 5556.228896397, 5664.374864778, 5772.899636255, 5881.125616948, 5976.04202017, 5994.991635886, 6035.191333042, 6143.32969109, 6251.936406488, 6360.119727172, 6468.647087563, 6576.81932427, 6685.335917214, 6793.394146304, 6901.893767162, 6910.154202738, 7018.750468837, 7126.863883076, 7235.495878532, 7344.004659154, 7453.328309603, 7561.976629006, 7570.109426941, 7587.842151151, 7658.291770526, 7758.986019476, 7867.531237981, 7975.659843087, 8084.24375475, 8192.382411393, 8218.567772068, 8326.776830191, 8435.432663482, 8488.777653735, 8597.484852252, 8705.690235174, 8814.113494064, 8849.637422014, 8958.063168951, 8966.05937454, 9074.534057421, 9137.060420731, 9245.503442161, 9316.441993035, 9326.814125637, 9360.297117454, 9367.50441107, 9475.448767936, 9583.859171103, 9652.746911336, 9659.299044784, 9663.321187739, 9771.720139481, 9879.689932556, 9988.103021388, 10096.102416049, 10204.553218389, 10312.546867282, 10420.955831663, 10528.854154294, 10637.253286174, 10745.181662549, 10853.656159473, 10961.579987132, 11070.059465426, 11177.98364256, 11187.267267214, 11295.267415009, 11305.397153656, 11413.377628722, 11521.715218802, 11629.718241686, 11738.224353456, 11846.232968329, 11954.708558876, 12062.71858964, 12171.170888169, 12279.091043012, 12294.511384052, 12335.437035293, 12443.882122391, 12551.862932843, 12660.268998312, 12768.266530085, 12876.660577694, 12984.717197218, 13093.254441677, 13201.198818621, 13309.586072417, 13417.539555605, 13425.311262734, 13433.141116892, 13541.49451708, 13649.47815712, 13757.928939153, 13865.916666424, 13974.366153572, 14082.339751495, 14190.786169409, 14298.747559441, 14306.969227561, 14314.517052887, 14423.006801065, 14531.014129873, 14565.645744901, 14629.653278625, 14634.334694809, 14700.193602371, 14760.206086269, 14775.726250541, 14884.199723066, 14992.222909556, 15100.641006085, 15208.637561815, 15317.067920805, 15425.094275177, 15434.15271065, 15542.104580513, 15650.543443279, 15657.902164727, 15766.272988725, 15874.233803357, 15982.671121167, 16090.699292525, 16199.094926318, 16307.112242115, 16352.568993611, 16460.627023653, 16569.080676663, 16644.429439045, 16752.847353601, 16860.79674375, 16909.57601404, 17017.575845548, 17126.005166753, 17207.429995452, 17240.20074455, 17276.815391469, 17297.920357411, 17333.87822959, 17430.64539806, 17482.408503736, 17562.031225528, 17669.898078886, 17778.349789065, 17836.458209007, 17944.987920816, 18052.95585005, 18161.387915344, 18269.415159437, 18273.440959566, 18381.373449368, 18489.80353041, 18597.764844155, 18706.209186354, 18814.176490239, 18922.68619023, 19030.708078383, 19102.170040652, 19210.137166199, 19292.395143302, 19400.426950318, 19474.583166161, 19582.532757959, 19690.904664437, 19798.844022512, 19907.349676559, 20015.302053928, 20123.681353988, 20231.64080468, 20340.101195948, 20448.084439908, 20556.536943036, 20570.003348766, 20678.378556924, 20786.37128058, 20894.825994635, 21002.795040345, 21085.04845978, 21193.001313586, 21301.498305644, 21409.480517398, 21517.991350099, 21525.161129022, 21633.605633993, 21741.580473139, 21850.021197244, 21857.352705274, 21965.795333597, 22074.522427668, 22183.852631708, 22252.995599312, 22344.491248485, 22453.266297769, 22499.215491023, 22515.798536068, 22625.148161352, 22733.920318682, 22843.138245713, 22951.945245522, 23061.357831678, 23169.819356328, 23278.263475959, 23386.163653562, 23494.586084169, 23567.782345857, 23676.155821445, 23784.307172618, 23856.841598252, 23964.779138463, 24073.115195188, 24181.072781328, 24289.481358552, 24319.158570709, 24427.589939816, 24535.565098556, 24643.934609506, 24659.895501838, 24768.49018057, 24876.385720523, 24984.822028759, 25068.348277164, 25075.931255362, 25083.063968262, 25191.452320075, 25299.44880811, 25306.402598869, 25414.312428623, 25422.109464259, 25530.074727073, 25541.056662813, 25559.334493405, 25579.62387183, 25610.086751862, 25707.214234266, 25713.497219237, 25821.89396662, 25929.840027656, 26038.372932087, 26146.391833717, 26210.821261586, 26318.826277903, 26427.21469717, 26535.50771922, 26544.638547329, 26653.374583146, 26762.553932334, 26871.264948412, 26980.518017067, 27089.271600632, 27198.588964484, 27228.304707261, 27337.719091205, 27446.612102814, 27555.925718535, 27612.911324815, 27722.010209571, 27829.977893022, 27938.43691794, 28046.381753324, 28154.748499088, 28262.784798285, 28371.268683219, 28479.266251849, 28587.748358225, 28695.716266721, 28804.058385835, 28912.032138608, 29020.433068426, 29128.398307365, 29236.807661145, 29344.718149639, 29411.503789763, 29519.38639543, 29627.772029474, 29633.848382239, 29742.257765093, 29850.314201792, 29958.762923984, 30066.763939163, 30175.208230867, 30283.098918003, 30391.524544168, 30463.2768577, 30571.908762037, 30679.943786499, 30762.430711562, 30870.42499464, 30978.789447891, 31086.784394501, 31195.259380396, 31303.282615, 31411.728133864, 31519.702405294, 31628.087605306, 31736.046332923, 31770.921685966, 31878.852377279, 31987.255302666, 32095.253098532, 32103.895492661, 32211.852638345, 32312.651366164, 32420.592791602, 32525.020552883, 32611.818311457, 32720.309191828, 32828.23043232, 32936.680636349, 33044.637847868, 33087.904959837, 33195.947293493, 33304.340624596, 33412.248184909, 33453.84813499, 33561.832950725, 33635.165677709, 33743.240214431, 33851.67893017, 33888.985611998, 33997.316108658, 34105.304809434, 34213.822531508, 34221.209460184, 34228.601525158, 34336.609642321, 34343.96573677, 34351.751805294, 34393.90203242, 34491.587519349, 34599.989133422, 34707.985109291, 34816.484999684, 34924.451388227, 35032.857689995, 35140.884046318, 35249.287920054, 35317.48252074, 35335.932561931, 35404.812740661],